<?xml version="1.0" encoding="UTF-8"?>
<root>
    <doclet-version-NOT-library-version>1.02</doclet-version-NOT-library-version>
    <class>
        <name>anywheresoftware.b4a.cachecleaner.CacheCleaner</name>
        <shortname>CacheCleaner</shortname>
        <owner>process</owner>
        <event>OnScanStarted</event>
        <event>onScanProgress (Current As int , Total As int)</event>
        <event>onScanCompleted (AppsList As Object)</event>
        <event>onCleanStarted</event>
        <event>onCleanCompleted (CacheSize As Long)</event>
        <permission>android.permission.GET_PACKAGE_SIZE</permission>
        <permission>android.permission.CLEAR_APP_CACHE</permission>
        <method>
            <name>CleanCache</name>
            <comment></comment>
            <returntype>void</returntype>
        </method>
        <method>
            <name>ScanCache</name>
            <comment></comment>
            <returntype>void</returntype>
        </method>
        <method>
            <name>initialize</name>
            <comment></comment>
            <returntype>void</returntype>
            <parameter>
                <name>EventName</name>
                <type>java.lang.String</type>
            </parameter>
            <parameter>
                <name>baa</name>
                <type>anywheresoftware.b4a.BA</type>
            </parameter>
        </method>
    </class>
    <version>1.0</version>
</root>
