<?xml version="1.0" encoding="UTF-8"?>
<root>
    <doclet-version-NOT-library-version>1.04</doclet-version-NOT-library-version>
    <class>
        <name>de.donmanfred.FancyBtn</name>
        <shortname>FancyBtn</shortname>
        <objectwrapper>com.div.FancyButton</objectwrapper>
        <owner>process</owner>
        <event>click(v as Object, tag As Object)</event>
        <event>hover(v as Object, tag As Object)</event>
        <event>ondismiss(v as Object, tag As Object)</event>
        <method>
            <name>uniplus</name>
            <comment></comment>
            <returntype>java.lang.String</returntype>
            <parameter>
                <name>s</name>
                <type>java.lang.String</type>
            </parameter>
        </method>
        <method>
            <name>DesignerCreateView</name>
            <comment></comment>
            <returntype>void</returntype>
            <parameter>
                <name>base</name>
                <type>anywheresoftware.b4a.objects.PanelWrapper</type>
            </parameter>
            <parameter>
                <name>lw</name>
                <type>anywheresoftware.b4a.objects.LabelWrapper</type>
            </parameter>
            <parameter>
                <name>props</name>
                <type>anywheresoftware.b4a.objects.collections.Map</type>
            </parameter>
        </method>
        <method>
            <name>AddToParent</name>
            <comment></comment>
            <returntype>void</returntype>
            <parameter>
                <name>Parent</name>
                <type>android.view.ViewGroup</type>
            </parameter>
            <parameter>
                <name>left</name>
                <type Pixel="true">int</type>
            </parameter>
            <parameter>
                <name>top</name>
                <type Pixel="true">int</type>
            </parameter>
            <parameter>
                <name>width</name>
                <type Pixel="true">int</type>
            </parameter>
            <parameter>
                <name>height</name>
                <type Pixel="true">int</type>
            </parameter>
        </method>
        <method>
            <name>IsInitialized</name>
            <comment></comment>
            <returntype>boolean</returntype>
        </method>
        <method>
            <name>Initialize</name>
            <comment></comment>
            <returntype>void</returntype>
            <parameter>
                <name>ba</name>
                <type>anywheresoftware.b4a.BA</type>
            </parameter>
            <parameter>
                <name>EventName</name>
                <type>java.lang.String</type>
            </parameter>
            <parameter>
                <name>iconres</name>
                <type>java.lang.String</type>
            </parameter>
            <parameter>
                <name>IconPosition</name>
                <type>int</type>
            </parameter>
            <parameter>
                <name>tag</name>
                <type>java.lang.Object</type>
            </parameter>
            <parameter>
                <name>AllowDismiss</name>
                <type>boolean</type>
            </parameter>
        </method>
        <property>
            <name>Radius</name>
            <parameter>
                <name>radius</name>
                <type>int</type>
            </parameter>
            <comment>Sets the Radius to use with the FancyButtons edges</comment>
        </property>
        <property>
            <name>FontIconSize</name>
            <parameter>
                <name>size</name>
                <type>int</type>
            </parameter>
            <comment>Sets the Size of the icon to use with the FancyButton
 Only works when using an Icon from the IconFont.</comment>
        </property>
        <property>
            <name>Left</name>
            <returntype>int</returntype>
            <parameter>
                <name>left</name>
                <type>int</type>
            </parameter>
            <comment></comment>
        </property>
        <property>
            <name>BorderColor</name>
            <parameter>
                <name>color</name>
                <type>int</type>
            </parameter>
            <comment>Sets the BorderColor to use with the FancyButton</comment>
        </property>
        <property>
            <name>BorderWidth</name>
            <parameter>
                <name>width</name>
                <type>int</type>
            </parameter>
            <comment>Sets the BorderWidth to use with the FancyButton</comment>
        </property>
        <property>
            <name>CustomTextFont</name>
            <parameter>
                <name>fontName</name>
                <type>java.lang.String</type>
            </parameter>
            <comment>Set a new Textfont to use in the FancyButton.
 It must be a name from a file in the assets-folder
 robotoregular.ttf for ex.</comment>
        </property>
        <property>
            <name>BackgroundColor2</name>
            <parameter>
                <name>hex</name>
                <type>java.lang.String</type>
            </parameter>
            <comment>Sets the BackgroundColor to use with the FancyButton
 here you can give a hexstring representating the color</comment>
        </property>
        <property>
            <name>Visible</name>
            <returntype>boolean</returntype>
            <parameter>
                <name>visible</name>
                <type>boolean</type>
            </parameter>
            <comment>Sets the FancyButtons visibility</comment>
        </property>
        <property>
            <name>Width</name>
            <returntype>int</returntype>
            <parameter>
                <name>width</name>
                <type>int</type>
            </parameter>
            <comment></comment>
        </property>
        <property>
            <name>IconPosition</name>
            <parameter>
                <name>position</name>
                <type>int</type>
            </parameter>
            <comment>Set the Icon-Position of the FancyButton.
 1 = Left
 POSITION_LEFT  	= 1;
 POSITION_RIGHT  	= 2;
 POSITION_TOP  		= 3;
 POSITION_BOTTOM  = 4;</comment>
        </property>
        <property>
            <name>Background</name>
            <parameter>
                <name>background</name>
                <type>android.graphics.drawable.Drawable</type>
            </parameter>
            <comment></comment>
        </property>
        <property>
            <name>Textcolor</name>
            <parameter>
                <name>color</name>
                <type>int</type>
            </parameter>
            <comment>Sets the TextColor to use with the FancyButton</comment>
        </property>
        <property>
            <name>TextSize</name>
            <parameter>
                <name>size</name>
                <type>int</type>
            </parameter>
            <comment>Sets the Textsize to use with the FancyButton</comment>
        </property>
        <property>
            <name>Text</name>
            <parameter>
                <name>text</name>
                <type>java.lang.String</type>
            </parameter>
            <comment>Sets the Text to use with the FancyButton</comment>
        </property>
        <property>
            <name>Top</name>
            <returntype>int</returntype>
            <parameter>
                <name>top</name>
                <type>int</type>
            </parameter>
            <comment></comment>
        </property>
        <property>
            <name>CustomIconFont</name>
            <parameter>
                <name>fontName</name>
                <type>java.lang.String</type>
            </parameter>
            <comment>Set a new Iconfont to use in the FancyButton.
 It must be a name from a file in the assets-folder
 fontawesome.ttf for ex.</comment>
        </property>
        <property>
            <name>IconDrawable</name>
            <parameter>
                <name>drawable</name>
                <type>java.lang.String</type>
            </parameter>
            <comment>Sets the Icon to use with the FancyButton
 You can give the filename of a drawable in the 
 drawable folder in your res folder.</comment>
        </property>
        <property>
            <name>Icon</name>
            <parameter>
                <name>icon</name>
                <type>java.lang.String</type>
            </parameter>
            <comment>Sets the Icon to use with the FancyButton. You need to give an unicode 
 string representating the Icon in the Iconfont. For ex. ?</comment>
        </property>
        <property>
            <name>Tag</name>
            <returntype>java.lang.Object</returntype>
            <parameter>
                <name>tag</name>
                <type>java.lang.Object</type>
            </parameter>
            <comment>Sets the Tag for this FancyButton</comment>
        </property>
        <property>
            <name>BackgroundColor</name>
            <parameter>
                <name>color</name>
                <type>int</type>
            </parameter>
            <comment>Sets the BackgroundColor to use with the FancyButton</comment>
        </property>
    </class>
    <class>
        <name>de.donmanfred.SwipeDismissTouchListener</name>
        <comment>A {@link View.OnTouchListener} that makes any {@link View} dismissable when the
 user swipes (drags her finger) horizontally across the view.

 &lt;p&gt;&lt;em&gt;For {@link ListView} list items that don't manage their own touch events
 (i.e. you're using
 {@link ListView#setOnItemClickListener(AdapterView.OnItemClickListener)}
 or an equivalent listener on {@link ListActivity} or
 {@link ListFragment}, use {@link SwipeDismissListViewTouchListener} instead.&lt;/em&gt;&lt;/p&gt;

 &lt;p&gt;Example usage:&lt;/p&gt;

 &lt;pre&gt;
 view.setOnTouchListener(new SwipeDismissTouchListener(
         view,
         null, // Optional token/cookie object
         new SwipeDismissTouchListener.OnDismissCallback() {
             public void onDismiss(View view, Object token) {
                 parent.removeView(view);
             }
         }));
 &lt;/pre&gt;

 &lt;p&gt;This class Requires API level 12 or later due to use of {@link
 android.view.ViewPropertyAnimator}.&lt;/p&gt;</comment>
        <owner>process</owner>
        <method>
            <name>onTouch</name>
            <comment></comment>
            <returntype>boolean</returntype>
            <parameter>
                <name>view</name>
                <type>android.view.View</type>
            </parameter>
            <parameter>
                <name>motionEvent</name>
                <type>android.view.MotionEvent</type>
            </parameter>
        </method>
    </class>
    <version>1.03</version>
</root>
