<?xml version="1.0" encoding="UTF-8"?>
<root>
    <doclet-version-NOT-library-version>1.04</doclet-version-NOT-library-version>
    <class>
        <name>de.donmanfred.htmltv</name>
        <shortname>htmltv</shortname>
        <owner>process</owner>
        <method>
            <name>setHtmlFromString</name>
            <comment></comment>
            <returntype>void</returntype>
            <parameter>
                <name>html</name>
                <type>java.lang.String</type>
            </parameter>
            <parameter>
                <name>useLocalDrawables</name>
                <type>boolean</type>
            </parameter>
        </method>
        <method>
            <name>DesignerCreateView</name>
            <comment></comment>
            <returntype>void</returntype>
            <parameter>
                <name>base</name>
                <type>anywheresoftware.b4a.objects.PanelWrapper</type>
            </parameter>
            <parameter>
                <name>lw</name>
                <type>anywheresoftware.b4a.objects.LabelWrapper</type>
            </parameter>
            <parameter>
                <name>props</name>
                <type>anywheresoftware.b4a.objects.collections.Map</type>
            </parameter>
        </method>
        <method>
            <name>AddToParent</name>
            <comment></comment>
            <returntype>void</returntype>
            <parameter>
                <name>Parent</name>
                <type>android.view.ViewGroup</type>
            </parameter>
            <parameter>
                <name>left</name>
                <type Pixel="true">int</type>
            </parameter>
            <parameter>
                <name>top</name>
                <type Pixel="true">int</type>
            </parameter>
            <parameter>
                <name>width</name>
                <type Pixel="true">int</type>
            </parameter>
            <parameter>
                <name>height</name>
                <type Pixel="true">int</type>
            </parameter>
        </method>
        <method>
            <name>setHtmlFromRawResource</name>
            <comment></comment>
            <returntype>void</returntype>
            <parameter>
                <name>id</name>
                <type>int</type>
            </parameter>
            <parameter>
                <name>useLocalDrawables</name>
                <type>boolean</type>
            </parameter>
        </method>
        <method>
            <name>Initialize</name>
            <comment></comment>
            <returntype>void</returntype>
            <parameter>
                <name>ba</name>
                <type>anywheresoftware.b4a.BA</type>
            </parameter>
            <parameter>
                <name>EventName</name>
                <type>java.lang.String</type>
            </parameter>
        </method>
        <property>
            <name>Left</name>
            <returntype>int</returntype>
            <parameter>
                <name>left</name>
                <type>int</type>
            </parameter>
            <comment></comment>
        </property>
        <property>
            <name>Top</name>
            <returntype>int</returntype>
            <parameter>
                <name>top</name>
                <type>int</type>
            </parameter>
            <comment></comment>
        </property>
    </class>
    <version>1.0</version>
</root>
