<?xml version="1.0" encoding="UTF-8"?>
<root>
    <doclet-version-NOT-library-version>1.04</doclet-version-NOT-library-version>
    <class>
        <name>de.donmanfred.MarkViewWrapper</name>
        <shortname>MarkView</shortname>
        <objectwrapper>tr.xip.markview.MarkView</objectwrapper>
        <owner>process</owner>
        <method>
            <name>DesignerCreateView</name>
            <comment></comment>
            <returntype>void</returntype>
            <parameter>
                <name>base</name>
                <type>anywheresoftware.b4a.objects.PanelWrapper</type>
            </parameter>
            <parameter>
                <name>lw</name>
                <type>anywheresoftware.b4a.objects.LabelWrapper</type>
            </parameter>
            <parameter>
                <name>props</name>
                <type>anywheresoftware.b4a.objects.collections.Map</type>
            </parameter>
        </method>
        <method>
            <name>IsInitialized</name>
            <comment></comment>
            <returntype>boolean</returntype>
        </method>
        <method>
            <name>Initialize</name>
            <comment></comment>
            <returntype>void</returntype>
            <parameter>
                <name>ba</name>
                <type>anywheresoftware.b4a.BA</type>
            </parameter>
            <parameter>
                <name>EventName</name>
                <type>java.lang.String</type>
            </parameter>
        </method>
        <method>
            <name>BringToFront</name>
            <comment></comment>
            <returntype>void</returntype>
        </method>
        <method>
            <name>SetLayout</name>
            <comment></comment>
            <returntype>void</returntype>
            <parameter>
                <name>arg0</name>
                <type Pixel="true">int</type>
            </parameter>
            <parameter>
                <name>arg1</name>
                <type Pixel="true">int</type>
            </parameter>
            <parameter>
                <name>arg2</name>
                <type Pixel="true">int</type>
            </parameter>
            <parameter>
                <name>arg3</name>
                <type Pixel="true">int</type>
            </parameter>
        </method>
        <method>
            <name>SendToBack</name>
            <comment></comment>
            <returntype>void</returntype>
        </method>
        <method>
            <name>isMarkValid</name>
            <comment>Checks whether a given mark is valid according to the current configuration</comment>
            <returntype>boolean</returntype>
            <parameter>
                <name>mark</name>
                <type>int</type>
            </parameter>
        </method>
        <method>
            <name>SetVisibleAnimated</name>
            <comment></comment>
            <returntype>void</returntype>
            <parameter>
                <name>arg0</name>
                <type>int</type>
            </parameter>
            <parameter>
                <name>arg1</name>
                <type>boolean</type>
            </parameter>
        </method>
        <method>
            <name>RemoveView</name>
            <comment></comment>
            <returntype>void</returntype>
        </method>
        <method>
            <name>AddToParent</name>
            <comment></comment>
            <returntype>void</returntype>
            <parameter>
                <name>Parent</name>
                <type>android.view.ViewGroup</type>
            </parameter>
            <parameter>
                <name>left</name>
                <type Pixel="true">int</type>
            </parameter>
            <parameter>
                <name>top</name>
                <type Pixel="true">int</type>
            </parameter>
            <parameter>
                <name>width</name>
                <type Pixel="true">int</type>
            </parameter>
            <parameter>
                <name>height</name>
                <type Pixel="true">int</type>
            </parameter>
        </method>
        <method>
            <name>Invalidate3</name>
            <comment></comment>
            <returntype>void</returntype>
            <parameter>
                <name>arg0</name>
                <type>int</type>
            </parameter>
            <parameter>
                <name>arg1</name>
                <type>int</type>
            </parameter>
            <parameter>
                <name>arg2</name>
                <type>int</type>
            </parameter>
            <parameter>
                <name>arg3</name>
                <type>int</type>
            </parameter>
        </method>
        <method>
            <name>Invalidate2</name>
            <comment></comment>
            <returntype>void</returntype>
            <parameter>
                <name>arg0</name>
                <type>android.graphics.Rect</type>
            </parameter>
        </method>
        <method>
            <name>SetColorAnimated</name>
            <comment></comment>
            <returntype>void</returntype>
            <parameter>
                <name>arg0</name>
                <type>int</type>
            </parameter>
            <parameter>
                <name>arg1</name>
                <type>int</type>
            </parameter>
            <parameter>
                <name>arg2</name>
                <type>int</type>
            </parameter>
        </method>
        <method>
            <name>SetBackgroundImage</name>
            <comment></comment>
            <returntype>void</returntype>
            <parameter>
                <name>arg0</name>
                <type>android.graphics.Bitmap</type>
            </parameter>
        </method>
        <method>
            <name>Invalidate</name>
            <comment></comment>
            <returntype>void</returntype>
        </method>
        <method>
            <name>SetLayoutAnimated</name>
            <comment></comment>
            <returntype>void</returntype>
            <parameter>
                <name>arg0</name>
                <type>int</type>
            </parameter>
            <parameter>
                <name>arg1</name>
                <type Pixel="true">int</type>
            </parameter>
            <parameter>
                <name>arg2</name>
                <type Pixel="true">int</type>
            </parameter>
            <parameter>
                <name>arg3</name>
                <type Pixel="true">int</type>
            </parameter>
            <parameter>
                <name>arg4</name>
                <type Pixel="true">int</type>
            </parameter>
        </method>
        <method>
            <name>RequestFocus</name>
            <comment></comment>
            <returntype>boolean</returntype>
        </method>
        <property>
            <name>Left</name>
            <returntype>int</returntype>
            <parameter>
                <name>left</name>
                <type>int</type>
            </parameter>
            <comment></comment>
        </property>
        <property>
            <name>RingWidth</name>
            <returntype>float</returntype>
            <parameter>
                <name>width</name>
                <type>float</type>
            </parameter>
            <comment>Returns the width of the background ring</comment>
        </property>
        <property>
            <name>Background</name>
            <returntype>android.graphics.drawable.Drawable</returntype>
            <parameter>
                <name>arg0</name>
                <type>android.graphics.drawable.Drawable</type>
            </parameter>
            <comment></comment>
        </property>
        <property>
            <name>Max</name>
            <returntype>int</returntype>
            <parameter>
                <name>max</name>
                <type>int</type>
            </parameter>
            <comment>Returns the highest mark this MarkView accepts</comment>
        </property>
        <property>
            <name>Color</name>
            <parameter>
                <name>arg0</name>
                <type>int</type>
            </parameter>
            <comment></comment>
        </property>
        <property>
            <name>RingColor</name>
            <returntype>int</returntype>
            <parameter>
                <name>color</name>
                <type>int</type>
            </parameter>
            <comment>Returns the color of the background ring</comment>
        </property>
        <property>
            <name>Mark</name>
            <returntype>int</returntype>
            <parameter>
                <name>mark</name>
                <type>int</type>
            </parameter>
            <comment>Returns the current mark</comment>
        </property>
        <property>
            <name>TextSize</name>
            <returntype>float</returntype>
            <parameter>
                <name>textSize</name>
                <type>float</type>
            </parameter>
            <comment>Returns the current text size</comment>
        </property>
        <property>
            <name>Enabled</name>
            <returntype>boolean</returntype>
            <parameter>
                <name>arg0</name>
                <type>boolean</type>
            </parameter>
            <comment></comment>
        </property>
        <property>
            <name>StrokeColor</name>
            <returntype>int</returntype>
            <comment>Returns the stroke color depending on the current mark.
 &lt;p/&gt;
 May return:
 - DEFAULT_STROKE_COLOR if the mark is invalid or there are no colors in mStrokeColors.
 - The color at the position of the mark in mStrokeColors if it contains the mark.
 - The last color in mStrokeColors if it doesn't contain the mark.</comment>
        </property>
        <property>
            <name>Top</name>
            <returntype>int</returntype>
            <parameter>
                <name>top</name>
                <type>int</type>
            </parameter>
            <comment></comment>
        </property>
        <property>
            <name>StrokeWidth</name>
            <returntype>float</returntype>
            <parameter>
                <name>strokeWidth</name>
                <type>float</type>
            </parameter>
            <comment>Returns stroke width</comment>
        </property>
        <property>
            <name>StrokeColors</name>
            <returntype>int[]</returntype>
            <parameter>
                <name>strokeColors</name>
                <type>int[]</type>
            </parameter>
            <comment>Returns the current stroke colors array</comment>
        </property>
        <property>
            <name>Visible</name>
            <returntype>boolean</returntype>
            <parameter>
                <name>arg0</name>
                <type>boolean</type>
            </parameter>
            <comment></comment>
        </property>
        <property>
            <name>Height</name>
            <returntype>int</returntype>
            <parameter>
                <name>arg0</name>
                <type Pixel="true">int</type>
            </parameter>
            <comment></comment>
        </property>
        <property>
            <name>TextColor</name>
            <returntype>int</returntype>
            <parameter>
                <name>textColor</name>
                <type>int</type>
            </parameter>
            <comment>Returns the current text color</comment>
        </property>
        <property>
            <name>Tag</name>
            <returntype>java.lang.Object</returntype>
            <parameter>
                <name>arg0</name>
                <type>java.lang.Object</type>
            </parameter>
            <comment></comment>
        </property>
        <property>
            <name>Width</name>
            <returntype>int</returntype>
            <parameter>
                <name>arg0</name>
                <type Pixel="true">int</type>
            </parameter>
            <comment></comment>
        </property>
        <field>
            <name>ba</name>
            <comment></comment>
            <returntype>anywheresoftware.b4a.BA</returntype>
        </field>
    </class>
    <version>1.0</version>
</root>
